id,created_at,updated_at,deleted_at,timestamp,fid,hash,claim
2729,2024-06-17 23:16:37.347447,2024-06-17 23:16:37.347447,,2024-01-22 06:29:39,3854,\x23f2064ddac3b6a3993d439d3d346c65ec0e8419,"{""address"": ""0xda22919e01e249ba4c96dba46bee29e4981835fc"", ""blockHash"": ""0x0c66e36a5fe41f0cb47158e56f6e561ad3a4666a7cdbd8ee31a5136190759a2e"", ""ethSignature"": ""0x059a2f2ca0203f4675d94fc6806f391469f863f823dd3f41fd0cfd27a99fab1d5176db26fecf71033897b5a3ac896b4a24a9c4d604b2030c62962ec22ecb1ea71b""}"
3829,2024-06-17 23:22:04.259914,2024-06-17 23:22:04.259914,,2024-02-08 05:08:54,5623,\x68f49410ccd5fe35bf11d905dcef0cdec3d016aa,"{""address"": ""0xff9b563140952fb7e3e5552f1a5068b637f0de0a"", ""blockHash"": ""0xf4ef2ca92afc3e43f2f44de49b9881730731cb1566aa00057fc08ae9f0e7d2fa"", ""ethSignature"": ""0xef6b2ab3a79c6dda6513d6e6f243785252227f670505f389524d4b018663071e6484931770edd7a470814752bd66208f009492dd35746907dd49ebc1811386b91b""}"
15447,2024-06-18 00:24:45.667725,2024-06-18 00:24:45.667725,,2024-03-19 15:43:02,15207,\x17df990eceb5955222d0a723a8a7de11773c9a1e,"{""address"": ""0x29185eb8cfd22aa719529217bfbade61677e0ad2"", ""blockHash"": ""0x6c67abc050093b8455edb252e4c2ee4f45774029e95ecb610c604775bd772c71"", ""ethSignature"": ""0x6e86843d5614c9292c5bad3da4ef73f392ed1fbd8cdc1a2c2a9cc0698ca86a6773a4efb897105c7205c6a623f421ad7ac72cd942aff389c1035b04c21c4377ab1c""}"
15784,2024-06-18 00:28:49.440942,2024-06-18 00:28:49.440942,,2023-07-05 21:06:26,15566,\x8b1a210a535482ee23c392e8a1ff36c6dfdd4c1c,"{""address"": ""0x73bea65145f19702da07d8908e994a193b5855a1"", ""blockHash"": ""0x1ee0c07bee23364cef4bed50dee7ddad02c3c6cafb7f00342041264c3d4ad198"", ""ethSignature"": ""0x9a78e4909ed9316333d210f264b027df4d7251dfe5cf2ba55f23639010ad135745178fb5fd0be32f9af2a3bf287f16f14419ec226269acd551ecedc3c2b7a7331b""}"
36121,2024-06-18 01:40:21.67114,2024-06-18 01:40:21.67114,,2024-03-11 21:21:39,23041,\xf04e548018bd075cb9a2f4ec71331ac03bf98562,"{""address"": ""0x42d5adbdbdd97724aa3ec9a04ec1fac65f9cc880"", ""blockHash"": ""0x9af2fafa91a484ae9d69f164da571f5573b46716fa41db9e588998625b3ecb63"", ""ethSignature"": ""0xe016817c8a8c34d8f5ee31e50a5ba5789d20e24976c638ff751005f507d3b4b833d15ba9d303d7d7d778be36bb75877594536ba7e17c5776fe80f019e9fcc1ab1b""}"
36232,2024-06-18 01:41:31.280389,2024-06-18 01:41:31.280389,,2024-01-31 20:14:56,23353,\xfb22b0a3fd532f9b69daf29314d9b05d7f1c0bce,"{""address"": ""0x1d3bf13f8f7a83390d03db5e23a950778e1d1309"", ""blockHash"": ""0xbfb936c935fd501e21e1c7829d81aef6a8a7fcf77c364402775cdb58d97f9a06"", ""ethSignature"": ""0x91651ac76558735f74f54469637fd71880b08799f4d7bc7bca12f876f43ad2580eef8034d6fa89eb1f5041c7b2d4340db8bb79da3fd660172051648a26787ba31c""}"
49765,2024-06-18 04:11:01.76463,2024-06-18 04:11:01.76463,,2024-02-05 20:48:59,231173,\xfb8cab05cea2e66f02f54dd689299a003ce1464b,"{""address"": ""0xc1f9b6bd5409248f645e28c5fea303767ca976a2"", ""blockHash"": ""0xe7f14d5641a4df8f0ad6a8e32d9ad4ce7918d0b583277c408e405620643a7e90"", ""ethSignature"": ""0xf8a0eaccad0374b914d77eae3c111b276c1b953117e1d6a33b147f490f2d3f3604fa2340be59b796340be7092f662e04383b6c1f65b6b268efc837eac55559461c""}"
52570,2024-06-18 04:40:32.189753,2024-06-18 04:40:32.189753,,2024-01-28 03:49:58,236454,\x6f13e158b32746ca36402550add23e8ece050bdf,"{""address"": ""0xc61288821b4722ce29249f0ba03b633f0be46a5a"", ""blockHash"": ""0x6825a29b1ddf04f618506c76005d63260a4387e366f03e45870b4c03289c9de7"", ""ethSignature"": ""0x3147a663f887c5ac904bd604a19bb6dbf43ce5097e31a3e3dd3d45a70351aefe1fbd95ba6d08302712cc15d24e50d4495d562422f9aeea58ee7b05b99d5cc4421b""}"
59452,2024-06-18 06:01:23.436907,2024-06-18 06:01:23.436907,,2024-01-30 17:45:27,244292,\x955114123d5974f9d3cd7ea8e3493ba1365d5233,"{""address"": ""0x756bd520e6d52ba027e7a1b3cd59f79ab61dfc34"", ""blockHash"": ""0x0131f35b5e9ddd1f5020ce088ee814bb87aea1f230cf085e98973b2fb2aaf1e1"", ""ethSignature"": ""0xbc7f3e42907ca9c24f490b7dd01ae777325e72236effc9da07439e01e4532dfd6a82d490efaeea83876aee12e2095418e67826335c8d8759f39cbe268f90ae211b""}"
71897,2024-06-18 09:30:27.104498,2024-06-18 09:30:27.104498,,2024-03-20 16:03:26,256384,\xd073b03ea5ef585a621f88c5de0304c1b2830d42,"{""address"": ""0x7be484044c0d3bb135c08b246c4b7783541c4d6bd85796a6ee71eb24572db615"", ""blockHash"": ""0x9461e9a404f8f864efd891d7fcff46b426d874e489bfeb819511c63657ad4f6b"", ""ethSignature"": ""0x9546e34c57cdf5853a267d205e548e0f9b0c818f5a15392b9feea341d976a9702e1ea40f404538294cb165fb863ff923bc97c417e9be2e5e128c173b5669190b""}"
71898,2024-06-18 09:30:27.104498,2024-06-18 09:30:27.104498,,2024-04-25 15:13:02,256384,\xdc90f7498658856e034f8cf829c19200aa53f903,"{""address"": ""0x2790e5986b65d99be5bfd4556db278dc35770ce9"", ""blockHash"": ""0x463730ce7d3d6af078020b8a92e94814e0c2789445052389d8c48aba780065e2"", ""ethSignature"": ""0x4e38508ab1eddb475f7c97b3fcf3d2facf1ec98bc1c0784c5f636b1815b01fe4065daefcd91fee1c7dc65d27c82a3edf4d5b529cec9f11dc552cfbb321f95da91b""}"
72540,2024-06-18 09:40:36.693881,2024-06-18 09:40:36.693881,,2024-03-20 16:03:25,256854,\x5bd68f1c1bbba9b993c3516f29e79ebc95da216b,"{""address"": ""0x6ac1f63d92e24a97bafea816d7a689b9aa5546d8ac04b96c8be8a1a9ed4e6c06"", ""blockHash"": ""0xfd70a510d5dfe381623b5fe436d14875c1625ba0841722ad3ae1196c6925b50d"", ""ethSignature"": ""0x7ffd7964cd4d4d3ebb94f69d9e5b2884eb28c8a5800e282eb38e265b32637fd2087e291b60eb4c66cdb4cf23d6aeae044002d24f6560a9565d423971da351603""}"
72541,2024-06-18 09:40:36.693881,2024-06-18 09:40:36.693881,,2024-04-02 17:39:54,256854,\x1d5cc2246e2b4713f89990a0ae1047a81d01743c,"{""address"": ""0x74c2a3848b8f21a67b23a229a8fd0f7975a934e9"", ""blockHash"": ""0xae9abb43e32a5e5c4f043e63c9a91bdcbe71ff3821d989b0f5a833b5634a1074"", ""ethSignature"": ""0x29df024863b228b80fec9f45b6bf318760326b6d8ce9f4206b55ede85fe059cc0aff80901cc90a8234a26119eda67e1afed0d90777ad8386eb362db22f284d541c""}"
72751,2024-06-18 09:44:05.328962,2024-06-18 09:44:05.328962,,2024-03-20 16:25:33,257018,\xf84d418d44184fd8e0001dc5c0ee6cc12f43c417,"{""address"": ""0xd223b50f0eb4151b13d8815ea5892391bc0fad6e3a367fe7a806083de0564f3e"", ""blockHash"": ""0x8e027d9ecd72a3c2c24138473019b6134e2d2240e9466e88a6f52ff2df86683a"", ""ethSignature"": ""0xb794d4f839e775168f2e5e5f94436afc3012b76c696a7d5861d53e4bcbd8654ab2d03a89a0dc75101eeb8b46bcfb4cdb55ba9e9a44726d738042605bbcbec901""}"
72752,2024-06-18 09:44:05.328962,2024-06-18 09:44:05.328962,,2024-04-10 18:12:08,257018,\xa197d177120e5b06af6fdfac5345dfc662f172ec,"{""address"": ""0x7dc948fd033754c7c48196ebfae884b194fc4cf5"", ""blockHash"": ""0x3fa985e966e48f266745341939495537a58953b65bb34262b24b138717f0df55"", ""ethSignature"": ""0x0bf8042a961557c5ef4e9e04f3714b582aff543c51a3fb4a33b646eb3fae04cc32773868ca5fb4e260a7192265b6b0f0c8b8da45831e8a82f98e592f0f6656641b""}"
187997,2024-06-18 13:02:59.236846,2024-06-18 13:02:59.236846,,2024-02-02 11:26:11,258989,\x0ef62b9d8fe1a6d4f4951947d9020671a3aa867b,"{""address"": ""0xdd1fdad05c3ca436730cc01a6feb6e3e9ef22631"", ""blockHash"": ""0xf3f2eeb31df2d7f6b8c36050a984eca828bc6a7511b87bdcc1f4a9235a4017ae"", ""ethSignature"": ""0x575dad489fda90531a797e803daafa2477d2a6aee714a1b805fc6132eb5bd051759a9788e005ca6f3a3f26d3492344b78bec70d32e781a2294dbd7534b758a7a1c""}"
190936,2024-06-18 13:59:41.398206,2024-06-18 13:59:41.398206,,2024-02-02 15:26:09,261557,\xfe319de2053b7b15536b364166a470f63f58e7c8,"{""address"": ""0x58a6056cc936ed6a5a2010e155142adb1d23572d"", ""blockHash"": ""0x7d6e929b506c79d5cb1022e0b2344c3b47790898a7129a492daa21c7c92c9721"", ""ethSignature"": ""0x025b8dfa4ae04aa4a38c8e289b60357cc7a54529a72bf22ad35eb9c43e28bd307d91c77a90f966209094b3722727cd7597708dbf6cdc6021feb9fdfb3cfee7731c""}"
193265,2024-06-18 14:59:28.908482,2024-06-18 14:59:28.908482,,2024-02-03 11:08:39,264093,\x7d776a1cd4b6e26d0921af340d80b1ccdb52f703,"{""address"": ""0x5a7b77361d5844fc148b7415405e78ee8d8760af"", ""blockHash"": ""0xc3d34b016abad40564fe4eb311a2c9c5780b10b1f0962e4c7b9106a8a17338d4"", ""ethSignature"": ""0x6d568811d882bd120dfe38d411c912c56efa3e5116e734b224afc18091cad7997a528551b30ddae62e2be6590bfd31bfce15c67d4aaac87fb72c84f66b59147c1b""}"
1142197,2024-06-21 07:01:28.634213,2024-06-21 07:01:28.634213,,2024-06-02 14:37:49,342384,\x877bfd9f7bf89017156628180ef6c230334c9547,"{""address"": ""0x7845b88ebed1c3c12d9a7b81f3d258984a68400f"", ""blockHash"": ""0xfe12da0b105ee5867c87fcfcbe17c93ff3870bb083848f73fdb5b780422e571b"", ""ethSignature"": ""0xa8cf1413965a286a2dd891ddadb9acb3757b5746574d3e2badb30bd5a54af377140dc92051cac68ccfe3ec1bc20ad1f2c48fe3fdb237b9ec1cc46e102a6bd26e1b""}"
1146690,2024-06-21 08:24:02.929555,2024-06-21 08:24:02.929555,,2024-03-16 17:45:28,349079,\x64aff3a02407199b06cee95b876cbbbb267aec61,"{""address"": ""0xc300f72b05889cb9687a0e209add25ad462a9bf1"", ""blockHash"": ""0xeb046c6e8e844e3afe29dee2fb2fc10d686f5e336a147659b3d88c1e478912e3"", ""ethSignature"": ""0x53e70602150187d6465c2305b9d3c87886dae81a6daecfcb909dc30a6234bfcd395c110b9eb6ccf2e0c4efe19390e2fbc47c576e9a13e09d2432285f3e960f7d1b""}"
1163641,2024-06-21 15:06:07.522461,2024-06-21 15:06:07.522461,,2024-03-07 17:12:17,380810,\x580ce464ceb7bf26cbe8bc1756420a882dfdf34f,"{""address"": ""0x396796429a9aeb72a7584711830a550d31ab653c"", ""blockHash"": ""0x30ab4074b047d7599ab5e98e1144e43c8632d392bfcfb0fdd5e6d86d8528c830"", ""ethSignature"": ""0xfa4938f1df70c11ec481307ca0dbea2f350be4f3aadd04867a3082695cef7dec1498acd700b4b999a3b86c388c07eb9c784298a0c23289892b2c8a6dd0c721b01c""}"
1164365,2024-06-21 15:28:58.733364,2024-06-21 15:28:58.733364,,2024-03-23 01:22:57,382051,\x536ad664731e44961cfbdee793e648f7476bc9e5,"{""address"": ""0xfaa806320ca25e7621690152fc83b4257aa197ff"", ""blockHash"": ""0xe93d0967bd0e08c89057a0a9773a46a517ac0a239f194fb798c2840ae1a6acd0"", ""ethSignature"": ""0x3bcd7e071a8644c54d9e11074b47855810e12e346da6ce2f850b6fb2ad6b09a261fe2f757582b10715dfbb1525747d772e31e6efa7b70bcbb4b958a76114d59e1c""}"
1176088,2024-06-21 20:01:37.599072,2024-06-21 20:01:37.599072,,2024-04-19 20:01:03,400913,\xd967cb57ee8d99be2d2dc7bea6be3028f84f124d,"{""address"": ""0x5fa5129d1ca28e108f990fe9b588f0a256c07ab8"", ""blockHash"": ""0xa83d9e5730f470cf7ad66c6be0c8da8acad4e12d290af853fc9b10f41f597a1d"", ""ethSignature"": ""0xc777ba93b8724f468e8bf05af7c0b574266a634a3e0c33f433d95e534482cbe21fa06315a8191607e6d925858774e2f62e7036cf620a612dadadd76bea05c00c1c""}"
1186548,2024-06-22 02:44:59.561021,2024-06-22 02:44:59.561021,,2024-04-04 03:42:13,416485,\x313efb354b1bb642f246605b728cffd5389f21a2,"{""address"": ""0x01961668dc90c73b22d5fe92bed1f36df7ff6ff784a2a0d34d32ccb45960ede7"", ""blockHash"": ""0xcbe3d00f5930b56afda647ed3c0a88048a19872bba87965dabcb15e4a0dfbb51"", ""ethSignature"": ""0x5ecc35c4d698f38722cfacc5a88caafb310ba6e231b22fbdbd2633d7ce57616cae91d65286aefb838c85285626c3ec6f4b42aa9c24914bb38d6551841122da0a""}"
1186549,2024-06-22 02:44:59.561021,2024-06-22 02:44:59.561021,,2024-04-04 04:00:24,416485,\xbdf78acbab7d889f4b0dc2b21ad89de2580756c7,"{""address"": ""0x049167029a5e892eff36ccbbb0b4ffe2b853a44f"", ""blockHash"": ""0x48e96506728a1173c7a061297d7e8e19f2c023e61f5fbfda85e04e345b200eb1"", ""ethSignature"": ""0xcfdfda61f73333fa5e9777adf11c845f9937d7c4a411d2905e44eeb637c952bf2a98bd32830dc6765062b2f5f0c1fe04a3e1a1630081e6a500fc75e52d3ebe361c""}"
1220903,2024-06-22 21:18:05.070938,2024-06-22 21:18:05.070938,,2024-04-11 16:58:18,464235,\xae905281b49a8b2f5627dd5c803a16c182662163,"{""address"": ""0xf86a9c7c0e173b684b105669aaffca2ea63e2ca0"", ""blockHash"": ""0x231b9ba459de933abd23978303df8e3e3033e69782899b2562108c9f85370502"", ""ethSignature"": ""0x1e585c1ca55fdbeaf17ef5f34bb360d9dd49667e4ccec5cf146ec1c037301e857929934e726ef3324d5bdd89088c53c0edf70f0989eb6f2e729136dd42d3a6441b""}"
1226726,2024-06-22 23:19:28.115745,2024-06-22 23:19:28.115745,,2024-04-12 07:40:46,474426,\xb632e779cac6d3cb19dc66507c942e66c78fa502,"{""address"": ""0xc174f738f2f50a8fe1041ab2c9a8838ba9e4546f"", ""blockHash"": ""0x8dfbd609726b6fc8d3142e7c1a9fe7f1c1bd32d2bd87e3626be32bb814461493"", ""ethSignature"": ""0x3e6ad0e7984616af1e083461f744c9854240199f7b6cf1e338f811abf61772c224803e83a7c1acdc959d9259f7fc9a05ed04199429438c3b4282ab0bb6801efa1b""}"
1281252,2024-06-23 19:18:05.086564,2024-06-23 19:18:05.086564,,2024-05-19 11:19:31,544959,\x39b62c272230ee8a2be9199e81f265722c541f3a,"{""address"": ""0x3e5ff5d30239c33c1d5cfcf7538089019e54d0be"", ""blockHash"": ""0x7fbc0edf7ea7d188cab972a33bf7291c6257740b8bdbc66c7c93719f2d42fdf3"", ""ethSignature"": ""0xdf6f57eeb1235322dc79bf100aa80a42e491b4289722ec1319a6119b544ed0c878c77a7f8cd62bcb9926df7569e71cad050bfdadabfe0ca7881b1eda6369bc0c1c""}"
1282652,2024-06-23 19:23:12.255017,2024-06-23 19:23:12.255017,,2024-05-20 07:02:07,546419,\xe30ea5dbb240d83d0fed3157bfdb2420ca2a9864,"{""address"": ""0xd9149646c5d064feee99796ee4c9df52968f61f9"", ""blockHash"": ""0x7afec723ecf076d7b8bca482bc11374c3289dcfebaa9fa7b753c034261af1cfa"", ""ethSignature"": ""0x907a3ac98cd80225b2c906f8271eaf2ad7f8c22431252025a8415948e785ba157ce1197696c901ae21a2b3d65d598d1a6133889a58a95b46e4bfe92911ae165a1b""}"
