id,created_at,updated_at,deleted_at,timestamp,fid,hash,type,value
15526,2024-06-17 23:16:37.739872,2024-06-20 16:48:02.503,,2024-04-26 08:33:28,3854,\xb2cee56004d20cc7b1e188e4573d2601892b61e0,1,https://imagedelivery.net/BXluQx4ige9GuW0Ia56BHw/d3c3305a-e336-4149-2916-fbaf938f3100/original
15525,2024-06-17 23:16:37.739872,2024-06-20 16:48:02.503,,2023-03-15 06:50:33,3854,\xb6b50ed903bac602af290d4c658cb2fa6abddb01,6,darrylyeo
15527,2024-06-17 23:16:37.739872,2024-06-20 16:48:02.503,,2024-05-08 06:30:54,3854,\xc3033802b210333dcf143b8077460e67f92ed659,3,/frontend dev„Éªfounder/decentralized data wrangler /blockhead„Éªritual.net„ÉªUI/UX abstractionist„ÉªDeFi/web3 builder„Éªdropout„Éª24„Éªprev /dydx„Éªx.com/darryl__yeo
15528,2024-06-17 23:16:37.739872,2024-06-20 16:48:02.503,,2024-05-08 06:30:54,3854,\xd059247fa811c4288b551e40f85d541ba280e39a,2,Darryl Yeo üõ†Ô∏è
22412,2024-06-17 23:22:04.452213,2024-06-20 16:50:14.878,,2024-03-27 20:16:18,5623,\xe1189f2aba8bee7c0ed15e16566e33b2b32deba6,1,https://i.imgur.com/m9C6Q4Q.png
22411,2024-06-17 23:22:04.452213,2024-06-20 16:50:14.878,,2023-03-15 06:55:01,5623,\xcb044f6febdaa1b927fcccc4b95ee779eb66b850,6,defiginger
22414,2024-06-17 23:22:04.452213,2024-06-20 16:50:14.878,,2024-06-03 15:20:19,5623,\x7fdb153e92eec82293d5a64412289990be5a5719,2,chris eberle üîÜ
22413,2024-06-17 23:22:04.452213,2024-06-20 16:50:14.878,,2024-05-09 01:08:05,5623,\x3fb022af800cffb7c66ffa4b10a05cc2aef23e20,3,"building /give /colinks-and-co
@coordinape, host @cryptosapiens_, was blue pilled @yearnfi, ex-facebook/instagram, ex-netflix. ‚Üë"
85549,2024-06-18 00:24:46.132875,2024-06-20 17:05:29.84,,2024-05-29 08:18:03,15207,\x908c0cf2d50eea5361b8cfa08c462155ed0c52f8,2,Jos√© Cabrera üçÑü¶àüêù
85548,2024-06-18 00:24:46.132875,2024-06-20 17:05:29.84,,2024-05-13 17:07:57,15207,\x4323421976c6b538160275aa34c9bf9de9c02eb7,3,"ESP/ENG web3 pioonering Digital street music since 2017, I Onboard and Teach 1:1

Cyborg Amish Being balancing his poles

Music & Education

A=432hz /live-music"
85547,2024-06-18 00:24:46.132875,2024-06-20 17:05:29.84,,2024-04-17 02:16:19,15207,\x098d55501618adc1e76082d65826836c210fd9f9,1,https://imagedelivery.net/BXluQx4ige9GuW0Ia56BHw/0b5662c9-1e6a-4722-03c4-9ccf3e76c100/original
85545,2024-06-18 00:24:46.132875,2024-06-20 17:05:29.84,,2023-07-03 16:25:46,15207,\x3a668b2c0d543e18ae0f9c1944b6d955b6b93a6b,6,joseacabrerav
86874,2024-06-18 00:28:49.488187,2024-06-20 17:06:20.625,,2024-04-09 00:35:26,15566,\x099493b3e73557b860aab79d159dc3742fc97940,3,"ESP/ENG
| Art. Science. Spirituality | Journalism. Music. Creativity |

Only the paths that have a heart."
86871,2024-06-18 00:28:49.488187,2024-06-20 17:06:20.625,,2023-07-05 20:50:48,15566,\x8ddd7bd2f31b5377b51af40a204da73b84515023,6,vanessagil
86872,2024-06-18 00:28:49.488187,2024-06-20 17:06:20.625,,2024-04-07 04:18:10,15566,\xe49ad85188a1edcfed1dff8c46896aa67f0b5cae,1,https://i.imgur.com/vfm7f48.jpg
86873,2024-06-18 00:28:49.488187,2024-06-20 17:06:20.625,,2024-04-07 19:22:37,15566,\x54b84a09865e50ff552953b1f4ca5f78281d5adc,2, Vanessa Arlet 
189862,2024-06-18 01:40:22.826531,2024-06-20 17:17:05.278,,2023-10-13 23:18:40,23041,\x8c0aad72b10f1c472bdae0d85c80739db76c9fb7,6,traviswyche
189865,2024-06-18 01:40:22.826531,2024-06-20 17:17:05.278,,2024-01-11 01:09:17,23041,\x058087a8fe1d47b071e4b14a25d707fedc865c8b,3,"Artist, musician, philosopher, designer. Yeeter, DAOhaus, RaidGuild, Bootleggers. Off-grid and on-chain builder. I don‚Äôt care about your friend‚Äôs band."
189863,2024-06-18 01:40:22.826531,2024-06-20 17:17:05.278,,2023-10-13 23:25:20,23041,\xc87739d37b80efec31b16acd48058ec335a4162f,2,TW
189864,2024-06-18 01:40:22.826531,2024-06-20 17:17:05.278,,2024-01-11 00:54:07,23041,\x7fef80172ad0d2bb982d38a824088b738877ad23,1,https://i.imgur.com/gKbtlX6.jpg
190587,2024-06-18 01:41:31.997406,2024-06-20 17:17:16.394,,2023-10-12 18:14:55,23353,\x81caef7438d818dee78939a6d9b8e87d7bba8e5c,6,zakku
190588,2024-06-18 01:41:31.997406,2024-06-20 17:17:16.394,,2024-02-01 05:29:15,23353,\xcf43379fa7e31de604785ea560399f6dec16471c,1,https://i.imgur.com/b8Mo9AB.jpg
190589,2024-06-18 01:41:31.997406,2024-06-20 17:17:16.394,,2024-02-01 05:40:15,23353,\x8516cc720410bb919cff2e6dca3d8cba41c647b2,2,Zakku
190590,2024-06-18 01:41:31.997406,2024-06-20 17:17:16.394,,2024-02-01 05:40:15,23353,\xdef1eb4cfac8b786a6c8812f8497ada175ed35f1,3,"- building coordinape.com 
- co-creating metacamp
- moving at the speed of trust

"
334291,2024-06-18 04:11:01.87745,2024-06-20 17:54:35.523,,2024-01-22 23:53:31,231173,\xcb9cd8d68a5303b37ebfa4293c1f81255ba46466,6,ashmbanks
334292,2024-06-18 04:11:01.87745,2024-06-20 17:54:35.523,,2024-01-22 23:58:17,231173,\x00030b54a9eb4f8759220f8a7d197bc3596d8d40,1,https://i.imgur.com/QrsS5kP.jpg
334293,2024-06-18 04:11:01.87745,2024-06-20 17:54:35.523,,2024-03-12 22:22:30,231173,\xd6a545314b49e9df4c0c2d8ee16261aa566270f4,3,"Product @ coordinape.com & colinks.xyz, into climbing, boardgames, paragliding, skiing, art, music, reading‚Ä¶"
334294,2024-06-18 04:11:01.87745,2024-06-20 17:54:35.523,,2024-04-16 19:13:05,231173,\xbb83ee7c2817fc7aa2d74f2347c13bfc36cd8040,2,Ash M. Banks ‚úàÔ∏èüõ©Ô∏èüõ´
351965,2024-06-18 04:40:32.482312,2024-06-20 17:58:19.685,,2024-01-28 03:42:01,236454,\x3eae4b04ca7391a941dc5f2f66161b98e838e5d9,6,zemm
351967,2024-06-18 04:40:32.482312,2024-06-20 17:58:19.685,,2024-01-28 03:43:59,236454,\x4710d0891c1f3bf801c184945e0fcd78b795d7b2,2,zemm
351968,2024-06-18 04:40:32.482312,2024-06-20 17:58:19.685,,2024-03-11 21:21:26,236454,\xe47392007161bb42d29748cab807db7f82fb6e77,1,https://i.imgur.com/qGnpqFd.jpg
351966,2024-06-18 04:40:32.482312,2024-06-20 17:58:19.685,,2024-01-28 03:43:59,236454,\x29b866bacd40805eeabb2d38b5c4112079e24983,3,CoLinks.xyz // coordinape.com // cavewall.nexus
380784,2024-06-18 06:01:25.341627,2024-06-20 18:06:42.767,,2024-03-08 17:54:53,244292,\xd599348e45037087ffcd0288eaa266f2c3d65aa2,1,https://i.imgur.com/QiD7BBs.png
380783,2024-06-18 06:01:25.341627,2024-06-20 18:06:42.767,,2024-01-30 17:50:50,244292,\xe31e19a97c3ad0757e40d35cc25ce017d5897f77,6,crabsinger.eth
380785,2024-06-18 06:01:25.341627,2024-06-20 18:06:42.767,,2024-03-08 17:55:23,244292,\x214c6af23528d2e83c45b50fbeb872c91cd9166e,3,"Building in web 3 (Colinks / Coordinape), gardening in earth 1"
380786,2024-06-18 06:01:25.341627,2024-06-20 18:06:42.767,,2024-03-08 17:55:23,244292,\x2fa6352fb0f82be194e65e5355826d732bd4358e,2,Singer
425912,2024-06-18 09:30:28.466591,2024-06-20 18:24:31.44,,2024-02-02 04:24:37,256384,\x65cb6e13522d959890166f5a863f3a413f049f4f,6,akrampro
425913,2024-06-18 09:30:28.466591,2024-06-20 18:24:31.44,,2024-02-02 04:25:53,256384,\xdbeddc0c12528aaa3c62d13a55ed30c9dc742db8,2,akrampro
425914,2024-06-18 09:30:28.466591,2024-06-20 18:24:31.44,,2024-02-03 01:14:43,256384,\xd404b649cc00cfc9c27581178a597d256c32ca63,3,LFG ü´µ
425915,2024-06-18 09:30:28.466591,2024-06-20 18:24:31.44,,2024-02-07 08:28:08,256384,\x85eaaed03a4125bafec75b35f79f366671b26871,1,https://i.imgur.com/Y7i9aIW.jpg
427768,2024-06-18 09:40:36.813832,2024-06-20 18:25:26.56,,2024-03-10 12:25:55,256854,\xc2fb41c8f6347558f721226fcf66ae76cc2513ad,2,Arham üçï
427765,2024-06-18 09:40:36.813832,2024-06-20 18:25:26.56,,2024-02-02 05:03:23,256854,\x7ecaddf24e3fe17f48bbcbfd316b3e293d13b8d2,6,fuadarham
427766,2024-06-18 09:40:36.813832,2024-06-20 18:25:26.56,,2024-02-02 05:04:06,256854,\x15ebc7dc8590300698244b0bb436d756144884a4,3,Les goo
427767,2024-06-18 09:40:36.813832,2024-06-20 18:25:26.56,,2024-02-07 07:41:10,256854,\x4c957259a9ba1ef2d98f6aa4a5b53e92492a9a8c,1,https://i.imgur.com/GYpujMI.jpg
428409,2024-06-18 09:44:05.55002,2024-06-20 18:25:39.962,,2024-02-02 05:17:45,257018,\x5b0969bc6341bd092f43e9cda3c2c38c226a4de0,6,aksafadhil
428410,2024-06-18 09:44:05.55002,2024-06-20 18:25:39.962,,2024-02-03 09:02:00,257018,\x22a9cd16fd2cf9a0df217b222d400485890fc2c5,3,wen lambo?!
428411,2024-06-18 09:44:05.55002,2024-06-20 18:25:39.962,,2024-02-07 07:44:52,257018,\xabda7b9b2d877f50bc0f13df6cff74e799d1a2d5,1,https://i.imgur.com/e8gb5D0.jpg
428412,2024-06-18 09:44:05.55002,2024-06-20 18:25:39.962,,2024-03-19 04:48:35,257018,\xd2e43741fa126e384f8db805f2365dd74f08a722,2,kiwpakqg
1144319,2024-06-18 13:03:00.796023,2024-06-20 18:28:52.022,,2024-02-02 07:14:22,258989,\xb8d6a80384b94b48c59a63fb157bcadb077d701a,6,ican
1144320,2024-06-18 13:03:00.796023,2024-06-20 18:28:52.022,,2024-02-02 21:37:19,258989,\x8000b4a84b9bce546fbaae92bd60b2b656cbe379,3,Follow back sirrr
1144321,2024-06-18 13:03:00.796023,2024-06-20 18:28:52.022,,2024-02-02 22:45:00,258989,\xada4e6c7d28631994adb94fd20ed4294a8580229,2,The Cone
1144322,2024-06-18 13:03:00.796023,2024-06-20 18:28:52.022,,2024-04-03 02:41:18,258989,\xcce597824607c825153e7df24ceef11f84b256ec,1,https://ipfs.decentralized-content.com/ipfs/bafybeigqbd4zg7veunqyo6slzxfl4ki544ssx5r52pd5uucmq7widgzn7u
1153875,2024-06-18 13:59:45.400884,2024-06-20 18:33:06.563,,2024-02-02 14:41:47,261557,\xa537d3b92bc15ee3f1a0f9551a2f3b1df6daa018,6,vinz
1153876,2024-06-18 13:59:45.400884,2024-06-20 18:33:06.563,,2024-02-02 14:43:11,261557,\x4e01b0caa07cb1411d44526cd25ce3ecb0c1cea3,2,Vinz Parades
1153877,2024-06-18 13:59:45.400884,2024-06-20 18:33:06.563,,2024-02-02 14:43:11,261557,\xc8f74b0e2f0ec05fc629fb47171672a42aa10d27,3,Im vinz aprades dari kalideres
1153878,2024-06-18 13:59:45.400884,2024-06-20 18:33:06.563,,2024-02-02 14:43:11,261557,\xfbc44786e3c6b468d8f1a7c0236f0d5cc3c1eb3d,1,https://i.imgur.com/HZVJCHE.jpg
1163519,2024-06-18 14:59:29.060119,2024-06-20 18:36:55.574,,2024-02-03 05:18:57,264093,\xcff539d54fba077fe6d61efaa15effb1642ecc00,6,yuretajoji
1163520,2024-06-18 14:59:29.060119,2024-06-20 18:36:55.574,,2024-02-03 05:19:50,264093,\x10632a04290df404ace11b1aa8c4ed900e482585,2,Yureta
1163521,2024-06-18 14:59:29.060119,2024-06-20 18:36:55.574,,2024-02-03 05:19:50,264093,\x3a4b94508110c9e9d3d7b353788a0ee106ce4680,1,https://i.imgur.com/NPi9Lu8.jpg
1163522,2024-06-18 14:59:29.060119,2024-06-20 18:36:55.574,,2024-02-03 05:20:36,264093,\x32987eb6df6971f9d1bf9b05cc5941b796a30eac,3,Degen
6861178,2024-06-21 07:01:28.717039,2024-06-21 07:01:28.717039,,2024-02-12 14:03:45,342384,\x529e182a7c14ded982378645ff667be8ee76547b,6,tiegenhof
6861179,2024-06-21 07:01:28.717039,2024-06-21 07:01:28.717039,,2024-02-12 14:51:56,342384,\x338d26371c5e625c1a982223932508fde96e8a2f,1,https://i.imgur.com/lpAdBnU.jpg
6861180,2024-06-21 07:01:28.717039,2024-06-21 07:01:28.717039,,2024-04-13 19:48:54,342384,\x2e645938eb31f597d50a963b57a26a5ed824b12d,3,"Creator, collector 
https://objkt.com/@gif-museum
and curator
https://www.gif-gallery.com/"
6861181,2024-06-21 07:01:28.717039,2024-06-21 07:01:28.717039,,2024-04-13 19:48:54,342384,\xe45b8c808de686c5150cc6e4c7ab75d94cc942c5,2,tiegenhof
6888036,2024-06-21 08:24:02.981001,2024-06-21 08:24:02.981001,,2024-02-15 03:13:06,349079,\x49552cd49592c1e6e40ae39482c8c678ee08a15a,6,yuminhwan
6888037,2024-06-21 08:24:02.981001,2024-06-21 08:24:02.981001,,2024-02-15 03:14:35,349079,\x5e1020c2a17ce052f4892d24f41b1015f17d475b,3,Monad monad monad
6888038,2024-06-21 08:24:02.981001,2024-06-21 08:24:02.981001,,2024-02-15 03:14:35,349079,\xd3fec557be61d65333d40eb7b05a8feed152a078,2,yuminhwan 
6888039,2024-06-21 08:24:02.981001,2024-06-21 08:24:02.981001,,2024-02-15 03:14:35,349079,\xfacedb0abd104f89b6ce46b1d387ba0904863e7c,1,https://i.imgur.com/PLCCcod.jpg
7010767,2024-06-21 15:06:07.591714,2024-06-21 15:06:07.591714,,2024-03-06 17:54:25,380810,\xc25a98355707c02041a080aeec02524c063d6049,6,wingfeather
7010768,2024-06-21 15:06:07.591714,2024-06-21 15:06:07.591714,,2024-03-06 18:00:06,380810,\xeb91707d93b6c994e5891ea2d38b48d62c77008e,2,Wing
7010769,2024-06-21 15:06:07.591714,2024-06-21 15:06:07.591714,,2024-04-13 00:49:05,380810,\x40cf4e80466b47348383755e45c836278376b9a9,1,https://i.imgur.com/M9CL0fX.jpg
7010770,2024-06-21 15:06:07.591714,2024-06-21 15:06:07.591714,,2024-04-19 12:43:35,380810,\x81a554217dcaa266b43554aec1c6e4c09d4a49c1,3,"give.party  // 
coordinape.com  //  
colinks.xyz  // 
UI Dev & Design  // 
Watching trees  //"
7015962,2024-06-21 15:28:58.820941,2024-06-21 15:28:58.820941,,2024-03-07 17:57:33,382051,\xd760ad014a8c8a64a08bb2ac62c4a3dff54e2234,6,graffe
7015963,2024-06-21 15:28:58.820941,2024-06-21 15:28:58.820941,,2024-03-07 18:00:12,382051,\xa1e2ba6ac3a1abf0a803429dc843fb977d429201,1,https://i.imgur.com/8Z7jS8B.jpg
7015964,2024-06-21 15:28:58.820941,2024-06-21 15:28:58.820941,,2024-04-19 05:56:30,382051,\x5218d8c22476af3adc54532091cc91e40a251a47,3,"Working on give.party, CoLinks,  and Coordinape"
7015965,2024-06-21 15:28:58.820941,2024-06-21 15:28:58.820941,,2024-04-19 05:56:30,382051,\xa475df193e184c04089924245a9ad0732d4ae7dc,2,Graffe
7046461,2024-06-21 17:34:39.053473,2024-06-21 17:34:39.053473,,2024-03-13 16:11:12,389267,\xa2104e8d702ecf53a0e740fcfa17ca58196cf8b1,6,givebot
7046462,2024-06-21 17:34:39.053473,2024-06-21 17:34:39.053473,,2024-03-13 16:22:33,389267,\x7e4531577eeb3572a3704544c32ec87169122fc9,1,https://i.imgur.com/0Zwe9jW.jpg
7046463,2024-06-21 17:34:39.053473,2024-06-21 17:34:39.053473,,2024-03-13 16:22:33,389267,\xa95c68aaae5370d619bd6d4894237d601f5b3b83,2,GIVEbot
7046464,2024-06-21 17:34:39.053473,2024-06-21 17:34:39.053473,,2024-04-18 20:01:40,389267,\xafedd946d6765372427859cddda235d7a2c3a3dd,3,GIVE as come to Farcaster. Cast https://give.party and givebot will show you the way. Learn more by visiting https://give.party
7089281,2024-06-21 20:01:37.982306,2024-06-21 20:01:37.982306,,2024-03-21 23:32:26,400913,\xc769cf5f291cc4d6196f47de22369a990dd580f9,6,shawky
7089284,2024-06-21 20:01:37.982306,2024-06-21 20:01:37.982306,,2024-03-21 23:37:19,400913,\x2bd83a5f636971827e7ba8d16e5ddaa18119f203,1,https://i.imgur.com/gSYTiUr.jpg
7089288,2024-06-21 20:01:37.982306,2024-06-21 20:01:37.982306,,2024-03-21 23:37:19,400913,\xb76144eed238f78f239aa7aeccc233e0de41e283,2,Shawky
7089289,2024-06-21 20:01:37.982306,2024-06-21 20:01:37.982306,,2024-03-21 23:40:16,400913,\xe17236cf3f5e67ba897f884441eed42db97cdef8,3,Dev @ Coordinape & Colinks
7150966,2024-06-22 02:44:59.609742,2024-06-22 02:44:59.609742,,2024-03-29 10:09:14,416485,\x8619dfea5f91b4cd5bb53654fef1e4ee49a963cd,6,ttmaster
7150967,2024-06-22 02:44:59.609742,2024-06-22 02:44:59.609742,,2024-04-04 03:15:55,416485,\xc41e5e9d8ae1327df3e9680a91cabdf10b1268b4,1,https://i.imgur.com/TmVfPDB.jpg
7150968,2024-06-22 02:44:59.609742,2024-06-22 02:44:59.609742,,2024-04-17 05:13:28,416485,\xdbd824ea05b8254f6fda6478187c6a50e3d64d42,3,Tennis / Crypto / NFT / Biz
7150969,2024-06-22 02:44:59.609742,2024-06-22 02:44:59.609742,,2024-04-17 05:13:28,416485,\xeba89a69a8d041f54077d3068ffe74ef7b414fa7,2,Bwkkk
7355900,2024-06-22 21:18:05.098563,2024-06-22 21:18:05.098563,,2024-04-08 14:59:05,464235,\xa8ae54a99ef8823e813b1b6d5768e0153524be9a,6,bstar
7355901,2024-06-22 21:18:05.098563,2024-06-22 21:18:05.098563,,2024-04-08 15:12:34,464235,\xd8ac0595202137dfc51452373a1c3f86994dad54,1,https://i.imgur.com/xssIN5y.jpg
7355902,2024-06-22 21:18:05.098563,2024-06-22 21:18:05.098563,,2024-04-14 17:47:40,464235,\xec780eaa3bdda139e267285dd67f85ed30df4790,3,"@love books, music and running

#ÎπÑÌà¨Ïπ¥ "
7355903,2024-06-22 21:18:05.098563,2024-06-22 21:18:05.098563,,2024-04-16 07:36:21,464235,\x7453f4dc8a46aa05b847d8b4ac719a929e938b2a,2,Bstarüé©
7395764,2024-06-22 23:19:28.24545,2024-06-22 23:19:28.24545,,2024-04-11 08:36:27,474426,\x9db7082f33b1d3a101caafaff864fa00be3fe63d,6,finnc17
7395765,2024-06-22 23:19:28.24545,2024-06-22 23:19:28.24545,,2024-04-12 05:11:39,474426,\xf2fc17dbaf81f520b10574d385fdbdd73505b5ef,3,I'm fond of metal crafts like it
7395766,2024-06-22 23:19:28.24545,2024-06-22 23:19:28.24545,,2024-04-12 11:16:10,474426,\x5402a7c10e9d99039599e2c2154bb2988f46887b,1,https://i.imgur.com/gZ5AbGM.jpg
7395767,2024-06-22 23:19:28.24545,2024-06-22 23:19:28.24545,,2024-04-12 11:16:43,474426,\x01f6850ae6c4525cbd52bab7859cd0a2be2aa788,2,Carl ‚ôæÔ∏è
7687729,2024-06-23 19:18:05.18721,2024-06-23 19:18:05.18721,,2024-05-19 11:14:33,544959,\x553299c2d3aa67e8d728679de3d409b43bdd7f9a,6,faisal097
7687730,2024-06-23 19:18:05.18721,2024-06-23 19:18:05.18721,,2024-05-19 11:15:18,544959,\x65b5464a48f5e292f3845399cd0bff14dc28a059,2,Faisal Rehman 
7687731,2024-06-23 19:18:05.18721,2024-06-23 19:18:05.18721,,2024-05-19 11:15:18,544959,\xc2741ac501bfd17970b15930c84b2c0483005fdc,3,""
7687732,2024-06-23 19:18:05.18721,2024-06-23 19:18:05.18721,,2024-05-20 06:27:31,544959,\x494c745c768b6fef6c042034956585cfdea75f21,1,https://imagedelivery.net/BXluQx4ige9GuW0Ia56BHw/13eb099c-d850-4686-e5a6-ceb1bc711300/rectcrop3
7694061,2024-06-23 19:23:12.285599,2024-06-23 19:23:12.285599,,2024-05-20 06:52:56,546419,\x2132cce20eaa38976ca73182c58d3aa6be03a235,6,sheraz9
7694062,2024-06-23 19:23:12.285599,2024-06-23 19:23:12.285599,,2024-05-20 06:54:18,546419,\x2b1a05750e9b4c478c5efa4ebcd89a2c750f61f4,2,Sheraz Khan
7694063,2024-06-23 19:23:12.285599,2024-06-23 19:23:12.285599,,2024-05-20 06:54:18,546419,\x5ec7c6d162d59134b10e26c7cc441fd748fedc77,3,""
7694064,2024-06-23 19:23:12.285599,2024-06-23 19:23:12.285599,,2024-05-21 11:34:45,546419,\x8b5c24d4056dc8971dbb010e8f0fd0cc71cb8652,1,https://imagedelivery.net/BXluQx4ige9GuW0Ia56BHw/ac059273-0aa5-440c-18bd-4ca7e9683a00/rectcrop3
